ID,FirstName,LastName,SSN
1,Sarah,Fisher,687-49-1529
2,Erika,Reyes,467-45-7150
3,Teresa,Reynolds,174-93-8304
4,Larry,Guerrero,852-03-1335
5,Robert,Moore,109-21-4848
6,Gina,Li,329-09-0048
7,Micheal,Jackson,355-02-5307
8,Tiffany,Stevens,536-48-3871
9,Jennifer,Ramos,355-59-7255
10,Donna,Holmes,227-40-5681
11,Charles,Smith,422-78-8400
12,Paul,Harrison,204-69-6786
13,David,Smith,279-53-4392
14,Jeffrey,Hoover,732-95-7975
15,Theresa,Dennis,471-82-0217
16,Sarah,Barber,426-32-6713
17,Pamela,Gilbert,845-07-8805
18,Cameron,King,520-82-0132
19,Aaron,Wells,719-49-1096
20,Gina,Kelly,374-79-4153
21,Tim,Garcia,859-13-9442
22,Cindy,Irwin,556-34-3851
23,Sandra,Mcdaniel,580-99-3423
24,Karen,Fletcher,877-37-7018
25,Jason,Hicks,313-32-6303
26,John,Gardner,618-56-1270
27,Laura,Adams,647-65-0720
28,Sarah,Dorsey,312-06-9737
29,Christopher,Brown,331-76-7738
30,Ashley,Williams,315-22-2524
31,Bill,Ramirez,034-33-6500
32,Pamela,Hardy,032-95-7866
33,Sarah,Williams,793-50-8175
34,Julian,Rodriguez,110-34-8863
35,Stacy,York,860-63-9290
36,Jerry,Thompson,011-41-4767
37,James,Scott,383-69-2380
38,Jacqueline,Bullock,805-99-4815
39,Jesse,Shepard,274-24-5373
40,Danielle,Hernandez,298-58-0991
41,Jerry,Wright,835-17-9717
42,Amy,Hays,487-68-9234
43,Kathryn,Jennings,057-75-7699
44,Natalie,Walsh,844-31-2326
45,Isaac,Ballard,161-95-0025
46,Mary,Burton,029-19-4037
47,Alexander,Rodriguez,571-26-7972
48,James,Schmidt,428-71-5845
49,David,Hartman,297-18-2962
50,Maria,Jordan,876-45-3109
